<?xml version="1.0" encoding="UTF-8"?>
<project xmlns="http://www.netbeans.org/ns/project/1">
    <type>org.netbeans.modules.ant.freeform</type>
    <configuration>
        <general-data xmlns="http://www.netbeans.org/ns/freeform-project/1">
            <!-- Do not use Project Properties customizer when editing this file manually.
 To prevent the customizer from showing, create nbproject/project.properties file and enter
auxiliary.show.customizer=false
property there. Adding
auxiliary.show.customizer.message=<message>
 will show your customized message when someone attempts to open the customizer.  -->
            <name>Calculator</name>
            <properties>
                <property name="project.dir">Cup</property>
                <property name="ant.script">${project.dir}/nbbuild.xml</property>
            </properties>
            <folders>
                <source-folder>
                    <label>calculator</label>
                    <type>java</type>
                    <location>${project.dir}/ex6</location>
                </source-folder>
                <source-folder>
                    <label>Cup</label>
                    <location>${project.dir}</location>
                </source-folder>
            </folders>
            <ide-actions>
                <action name="build">
                    <script>${ant.script}</script>
                    <target>compile</target>
                </action>
                <action name="clean">
                    <script>${ant.script}</script>
                    <target>clean</target>
                </action>
                <action name="javadoc">
                    <script>${ant.script}</script>
                    <target>javadoc</target>
                </action>
                <action name="run">
                    <script>${ant.script}</script>
                    <target>run</target>
                </action>
                <action name="test">
                    <script>${ant.script}</script>
                    <target>test</target>
                </action>
                <action name="rebuild">
                    <script>${ant.script}</script>
                    <target>clean</target>
                    <target>compile</target>
                </action>
            </ide-actions>
            <view>
                <items>
                    <source-folder style="packages">
                        <label>calculator</label>
                        <location>${project.dir}/ex6</location>
                    </source-folder>
                    <source-file>
                        <location>${ant.script}</location>
                    </source-file>
                </items>
                <context-menu>
                    <ide-action name="build"/>
                    <ide-action name="rebuild"/>
                    <ide-action name="clean"/>
                    <ide-action name="javadoc"/>
                    <ide-action name="run"/>
                    <ide-action name="test"/>
                </context-menu>
            </view>
        </general-data>
        <java-data xmlns="http://www.netbeans.org/ns/freeform-project-java/1">
            <compilation-unit>
                <package-root>${project.dir}/ex6</package-root>
                <source-level>1.5</source-level>
            </compilation-unit>
        </java-data>
    </configuration>
</project>
